product_id,product_name,main_category,actual_price,discounted_price,discount_percentage,rating,rating_count,review_content,bayesian_rating,review_length
P0000,Dummy Product 0,Kitchen&HomeAppliances,1360,1169,14,3.6,1639.0,Sample review text for product 0 Sample review text for product 0 Sample review text for product 0 Sample review text for product 0 Sample review text for product 0 Sample review text for product 0 Sample review text for product 0 ,3.79,231
P0001,Dummy Product 1,Mobiles&Accessories,16523,16192,2,4.9,2.0,Sample review text for product 1 Sample review text for product 1 Sample review text for product 1 Sample review text for product 1 Sample review text for product 1 Sample review text for product 1 ,4.02,198
P0002,Dummy Product 2,Accessories&Peripherals,54207,23309,57,2.6,748.0,Sample review text for product 2 Sample review text for product 2 Sample review text for product 2 ,3.55,99
P0003,Dummy Product 3,Kitchen&HomeAppliances,59650,23263,61,4.8,19.0,Sample review text for product 3 Sample review text for product 3 Sample review text for product 3 Sample review text for product 3 ,4.03,132
P0004,Dummy Product 4,Mobiles&Accessories,11127,4562,59,3.3,2042.0,Sample review text for product 4 Sample review text for product 4 Sample review text for product 4 Sample review text for product 4 Sample review text for product 4 ,3.61,165
P0005,Dummy Product 5,Mobiles&Accessories,49055,45621,7,4.8,14.0,Sample review text for product 5 Sample review text for product 5 ,4.02,66
P0006,Dummy Product 6,"HomeTheater,TV&Video",79453,77069,3,4.9,18.0,Sample review text for product 6 Sample review text for product 6 ,4.02,66
P0007,Dummy Product 7,"Heating,Cooling&AirQuality",12034,3489,71,2.6,1276.0,Sample review text for product 7 Sample review text for product 7 Sample review text for product 7 Sample review text for product 7 Sample review text for product 7 ,3.31,165
P0008,Dummy Product 8,Other,12685,5200,59,4.5,1181.0,,4.25,0
P0009,Dummy Product 9,Kitchen&HomeAppliances,3195,1214,62,4.3,2641.0,Sample review text for product 9 Sample review text for product 9 Sample review text for product 9 ,4.2,99
P0010,Dummy Product 10,Kitchen&HomeAppliances,52751,49585,6,3.3,780.0,Sample review text for product 10 Sample review text for product 10 Sample review text for product 10 Sample review text for product 10 Sample review text for product 10 Sample review text for product 10 Sample review text for product 10 ,3.76,238
P0011,Dummy Product 11,"Heating,Cooling&AirQuality",63835,42131,34,4.9,2661.0,Sample review text for product 11 Sample review text for product 11 Sample review text for product 11 ,4.61,102
P0012,Dummy Product 12,WearableTechnology,706,607,14,4.8,13.0,Sample review text for product 12 Sample review text for product 12 Sample review text for product 12 Sample review text for product 12 Sample review text for product 12 Sample review text for product 12 Sample review text for product 12 ,4.02,238
P0013,Dummy Product 13,"Heating,Cooling&AirQuality",72410,62272,14,4.9,1060.0,Sample review text for product 13 Sample review text for product 13 Sample review text for product 13 Sample review text for product 13 Sample review text for product 13 Sample review text for product 13 Sample review text for product 13 ,4.42,238
P0014,Dummy Product 14,NetworkingDevices,64544,25172,61,3.6,2694.0,Sample review text for product 14 Sample review text for product 14 Sample review text for product 14 Sample review text for product 14 ,3.74,136
P0015,Dummy Product 15,"HomeTheater,TV&Video",26605,10375,61,5.0,13.0,Sample review text for product 15 Sample review text for product 15 Sample review text for product 15 Sample review text for product 15 Sample review text for product 15 Sample review text for product 15 Sample review text for product 15 ,4.02,238
P0016,Dummy Product 16,"HomeTheater,TV&Video",14045,8005,43,4.0,4445.0,Sample review text for product 16 ,4.01,34
P0017,Dummy Product 17,Accessories&Peripherals,53233,33004,38,3.2,1637.0,Sample review text for product 17 ,3.59,34
P0018,Dummy Product 18,Kitchen&HomeAppliances,1354,1354,0,4.2,6249.0,Sample review text for product 18 Sample review text for product 18 ,4.17,68
P0019,Dummy Product 19,Mobiles&Accessories,13188,8308,37,4.4,3931.0,Sample review text for product 19 Sample review text for product 19 Sample review text for product 19 Sample review text for product 19 Sample review text for product 19 Sample review text for product 19 ,4.29,204
P0020,Dummy Product 20,Other,42607,17894,58,4.9,3.0,Sample review text for product 20 Sample review text for product 20 Sample review text for product 20 ,4.02,102
P0021,Dummy Product 21,WearableTechnology,11911,3573,70,4.8,1.0,Sample review text for product 21 Sample review text for product 21 Sample review text for product 21 Sample review text for product 21 Sample review text for product 21 Sample review text for product 21 Sample review text for product 21 ,4.02,238
P0022,Dummy Product 22,Kitchen&HomeAppliances,39884,20340,49,3.1,1635.0,Sample review text for product 22 Sample review text for product 22 ,3.52,68
P0023,Dummy Product 23,Kitchen&HomeAppliances,32116,17021,47,4.8,453.0,Sample review text for product 23 Sample review text for product 23 Sample review text for product 23 ,4.21,102
P0024,Dummy Product 24,"Heating,Cooling&AirQuality",51907,50868,2,4.4,2102.0,Sample review text for product 24 Sample review text for product 24 Sample review text for product 24 Sample review text for product 24 ,4.26,136
P0025,Dummy Product 25,"Headphones,Earbuds&Accessories",61767,46942,24,4.9,14.0,Sample review text for product 25 Sample review text for product 25 Sample review text for product 25 Sample review text for product 25 Sample review text for product 25 Sample review text for product 25 ,4.03,204
P0026,Dummy Product 26,Accessories&Peripherals,38967,26497,32,4.4,816.0,Sample review text for product 26 Sample review text for product 26 Sample review text for product 26 Sample review text for product 26 Sample review text for product 26 Sample review text for product 26 Sample review text for product 26 ,4.15,238
P0027,Dummy Product 27,"HomeTheater,TV&Video",41318,32641,21,4.4,7181.0,Sample review text for product 27 Sample review text for product 27 Sample review text for product 27 ,4.31,102
P0028,Dummy Product 28,WearableTechnology,54545,39817,27,3.0,1505.0,Sample review text for product 28 Sample review text for product 28 Sample review text for product 28 Sample review text for product 28 Sample review text for product 28 ,3.47,170
P0029,Dummy Product 29,"Heating,Cooling&AirQuality",74244,42319,43,3.2,,Sample review text for product 29 Sample review text for product 29 Sample review text for product 29 Sample review text for product 29 Sample review text for product 29 Sample review text for product 29 ,4.02,204
P0030,Dummy Product 30,NetworkingDevices,801,384,52,4.6,700.0,Sample review text for product 30 Sample review text for product 30 Sample review text for product 30 Sample review text for product 30 Sample review text for product 30 Sample review text for product 30 Sample review text for product 30 ,4.22,238
P0031,Dummy Product 31,Kitchen&HomeAppliances,27141,20627,24,4.2,7709.0,Sample review text for product 31 Sample review text for product 31 Sample review text for product 31 Sample review text for product 31 Sample review text for product 31 Sample review text for product 31 ,4.17,204
P0032,Dummy Product 32,HomeStorage&Organization,36277,26844,26,4.3,5057.0,Sample review text for product 32 ,4.2,34
P0033,Dummy Product 33,"HomeTheater,TV&Video",6301,4725,25,4.0,921.0,Sample review text for product 33 Sample review text for product 33 Sample review text for product 33 Sample review text for product 33 ,4.01,136
P0034,Dummy Product 34,WearableTechnology,2868,2667,7,2.6,400.0,Sample review text for product 34 Sample review text for product 34 Sample review text for product 34 ,3.68,102
P0035,Dummy Product 35,Accessories&Peripherals,11466,4357,62,4.7,17.0,Sample review text for product 35 Sample review text for product 35 Sample review text for product 35 Sample review text for product 35 Sample review text for product 35 Sample review text for product 35 ,4.02,204
P0036,Dummy Product 36,Kitchen&HomeAppliances,20008,8203,59,4.1,1004.0,Sample review text for product 36 Sample review text for product 36 Sample review text for product 36 Sample review text for product 36 Sample review text for product 36 Sample review text for product 36 ,4.05,204
P0037,Dummy Product 37,"HomeTheater,TV&Video",40234,24542,39,4.9,269.0,Sample review text for product 37 Sample review text for product 37 ,4.12,68
P0038,Dummy Product 38,Kitchen&HomeAppliances,28751,12362,57,4.8,5.0,Sample review text for product 38 Sample review text for product 38 Sample review text for product 38 Sample review text for product 38 Sample review text for product 38 Sample review text for product 38 ,4.02,204
P0039,Dummy Product 39,Kitchen&HomeAppliances,67117,67117,0,3.9,1120.0,Sample review text for product 39 ,3.96,34
P0040,Dummy Product 40,OfficePaperProducts,53722,19877,63,4.3,2838.0,Sample review text for product 40 Sample review text for product 40 Sample review text for product 40 ,4.21,102
P0041,Dummy Product 41,"Heating,Cooling&AirQuality",61889,19804,68,5.0,14.0,Sample review text for product 41 Sample review text for product 41 Sample review text for product 41 Sample review text for product 41 Sample review text for product 41 ,4.03,170
P0042,Dummy Product 42,"HomeTheater,TV&Video",63252,49336,22,5.0,5.0,Sample review text for product 42 Sample review text for product 42 Sample review text for product 42 Sample review text for product 42 ,4.02,136
P0043,Dummy Product 43,"HomeTheater,TV&Video",60660,19411,68,4.9,2840.0,,4.52,0
P0044,Dummy Product 44,OfficePaperProducts,18571,16528,11,4.0,3427.0,Sample review text for product 44 Sample review text for product 44 Sample review text for product 44 Sample review text for product 44 Sample review text for product 44 ,4.0,170
P0045,Dummy Product 45,Kitchen&HomeAppliances,38804,23670,39,2.7,285.0,Sample review text for product 45 Sample review text for product 45 Sample review text for product 45 Sample review text for product 45 Sample review text for product 45 Sample review text for product 45 Sample review text for product 45 ,3.79,238
P0046,Dummy Product 46,Mobiles&Accessories,27850,25900,7,4.1,2625.0,Sample review text for product 46 Sample review text for product 46 Sample review text for product 46 ,4.07,102
P0047,Dummy Product 47,"Heating,Cooling&AirQuality",26592,6913,74,4.5,729.0,Sample review text for product 47 ,4.19,34
P0048,Dummy Product 48,"HomeTheater,TV&Video",18455,14210,23,3.1,37.0,Sample review text for product 48 Sample review text for product 48 Sample review text for product 48 Sample review text for product 48 Sample review text for product 48 Sample review text for product 48 Sample review text for product 48 ,4.0,238
P0049,Dummy Product 49,Accessories&Peripherals,14897,13109,12,2.6,2225.0,Sample review text for product 49 Sample review text for product 49 Sample review text for product 49 Sample review text for product 49 Sample review text for product 49 ,3.17,170
P0050,Dummy Product 50,Kitchen&HomeAppliances,52434,25692,51,2.7,1391.0,Sample review text for product 50 Sample review text for product 50 Sample review text for product 50 Sample review text for product 50 Sample review text for product 50 ,3.36,170
P0051,Dummy Product 51,Mobiles&Accessories,61066,51906,15,4.8,2157.0,Sample review text for product 51 Sample review text for product 51 ,4.47,68
P0052,Dummy Product 52,Kitchen&HomeAppliances,38602,10036,74,4.9,12.0,Sample review text for product 52 Sample review text for product 52 ,4.02,68
P0053,Dummy Product 53,Accessories&Peripherals,47232,28811,39,5.0,18.0,Sample review text for product 53 Sample review text for product 53 ,4.03,68
P0054,Dummy Product 54,Cameras&Photography,14307,5150,64,4.9,1681.0,Sample review text for product 54 ,4.44,34
P0055,Dummy Product 55,"Heating,Cooling&AirQuality",35078,14031,60,4.1,3214.0,Sample review text for product 55 Sample review text for product 55 ,4.08,68
P0056,Dummy Product 56,Accessories&Peripherals,9935,4272,57,2.8,456.0,Sample review text for product 56 ,3.73,34
P0057,Dummy Product 57,Accessories&Peripherals,66540,25285,62,3.8,,Sample review text for product 57 Sample review text for product 57 Sample review text for product 57 Sample review text for product 57 Sample review text for product 57 ,4.02,170
P0058,Dummy Product 58,HomeAudio,35120,18964,46,4.8,2934.0,Sample review text for product 58 Sample review text for product 58 Sample review text for product 58 Sample review text for product 58 ,4.52,136
P0059,Dummy Product 59,HomeAudio,72226,37557,48,4.2,1397.0,Sample review text for product 59 Sample review text for product 59 Sample review text for product 59 ,4.1,102
P0060,Dummy Product 60,Kitchen&HomeAppliances,11475,9753,15,3.3,668.0,Sample review text for product 60 Sample review text for product 60 ,3.79,68
P0061,Dummy Product 61,Kitchen&HomeAppliances,32421,23667,27,4.8,9.0,Sample review text for product 61 Sample review text for product 61 Sample review text for product 61 ,4.02,102
P0062,Dummy Product 62,Kitchen&HomeAppliances,57543,13810,76,2.8,925.0,Sample review text for product 62 Sample review text for product 62 Sample review text for product 62 ,3.53,102
P0063,Dummy Product 63,"Heating,Cooling&AirQuality",51490,39132,24,4.7,2872.0,Sample review text for product 63 Sample review text for product 63 Sample review text for product 63 ,4.49,102
P0064,Dummy Product 64,Kitchen&HomeAppliances,28212,23415,17,3.4,2225.0,Sample review text for product 64 Sample review text for product 64 ,3.64,68
P0065,Dummy Product 65,Other,47040,31987,32,3.2,511.0,Sample review text for product 65 Sample review text for product 65 Sample review text for product 65 Sample review text for product 65 Sample review text for product 65 Sample review text for product 65 Sample review text for product 65 ,3.79,238
P0066,Dummy Product 66,HomeStorage&Organization,51112,39867,22,4.4,2725.0,Sample review text for product 66 Sample review text for product 66 Sample review text for product 66 ,4.21,102
P0067,Dummy Product 67,Accessories&Peripherals,45606,25539,44,4.7,1470.0,Sample review text for product 67 Sample review text for product 67 ,4.35,68
P0068,Dummy Product 68,Mobiles&Accessories,58517,27502,53,4.5,268.0,Sample review text for product 68 Sample review text for product 68 Sample review text for product 68 Sample review text for product 68 ,4.09,136
P0069,Dummy Product 69,Kitchen&HomeAppliances,54371,29360,46,4.1,1253.0,Sample review text for product 69 Sample review text for product 69 ,4.06,68
P0070,Dummy Product 70,Mobiles&Accessories,7449,3798,49,3.9,2846.0,Sample review text for product 70 Sample review text for product 70 Sample review text for product 70 ,3.94,102
P0071,Dummy Product 71,"HomeTheater,TV&Video",42818,30400,29,4.9,2129.0,Sample review text for product 71 Sample review text for product 71 Sample review text for product 71 Sample review text for product 71 ,4.46,136
P0072,Dummy Product 72,"Heating,Cooling&AirQuality",55623,17799,68,3.4,2101.0,Sample review text for product 72 Sample review text for product 72 Sample review text for product 72 Sample review text for product 72 Sample review text for product 72 Sample review text for product 72 ,3.63,204
P0073,Dummy Product 73,Accessories&Peripherals,17644,13762,22,4.7,11.0,Sample review text for product 73 Sample review text for product 73 Sample review text for product 73 Sample review text for product 73 ,4.02,136
P0074,Dummy Product 74,"Headphones,Earbuds&Accessories",33934,23414,31,4.7,19.0,Sample review text for product 74 Sample review text for product 74 Sample review text for product 74 Sample review text for product 74 Sample review text for product 74 ,4.03,170
P0075,Dummy Product 75,Accessories&Peripherals,40249,40249,0,3.0,524.0,Sample review text for product 75 Sample review text for product 75 ,3.75,68
P0076,Dummy Product 76,Kitchen&HomeAppliances,23821,12863,46,3.8,2287.0,Sample review text for product 76 Sample review text for product 76 Sample review text for product 76 ,3.88,102
P0077,Dummy Product 77,Kitchen&HomeAppliances,79604,74031,7,5.0,1277.0,Sample review text for product 77 Sample review text for product 77 Sample review text for product 77 Sample review text for product 77 Sample review text for product 77 Sample review text for product 77 Sample review text for product 77 ,4.48,238
P0078,Dummy Product 78,Mobiles&Accessories,74186,17062,77,2.7,365.0,Sample review text for product 78 Sample review text for product 78 Sample review text for product 78 ,3.77,102
P0079,Dummy Product 79,"Headphones,Earbuds&Accessories",56158,46611,17,3.5,2787.0,Sample review text for product 79 ,3.63,34
P0080,Dummy Product 80,"HomeTheater,TV&Video",50948,29040,43,4.2,4596.0,Sample review text for product 80 Sample review text for product 80 Sample review text for product 80 Sample review text for product 80 ,4.14,136
P0081,Dummy Product 81,"HomeTheater,TV&Video",6871,4603,33,2.8,2796.0,Sample review text for product 81 ,3.33,34
P0082,Dummy Product 82,Mobiles&Accessories,76203,32005,58,2.5,1313.0,Sample review text for product 82 Sample review text for product 82 Sample review text for product 82 Sample review text for product 82 Sample review text for product 82 ,3.32,170
P0083,Dummy Product 83,Accessories&Peripherals,56638,22088,61,3.9,6726.0,Sample review text for product 83 ,3.92,34
P0084,Dummy Product 84,Kitchen&HomeAppliances,76823,59153,23,4.9,2.0,Sample review text for product 84 Sample review text for product 84 Sample review text for product 84 ,4.02,102
P0085,Dummy Product 85,Accessories&Peripherals,13734,5356,61,3.8,847.0,Sample review text for product 85 Sample review text for product 85 ,3.94,68
P0086,Dummy Product 86,Accessories&Peripherals,42601,14058,67,4.3,225.0,Sample review text for product 86 Sample review text for product 86 Sample review text for product 86 Sample review text for product 86 ,4.05,136
P0087,Dummy Product 87,Kitchen&HomeAppliances,2328,2095,10,3.8,2893.0,Sample review text for product 87 ,3.87,34
P0088,Dummy Product 88,"HomeTheater,TV&Video",10365,5908,43,4.3,,Sample review text for product 88 ,4.02,34
P0089,Dummy Product 89,Accessories&Peripherals,27114,17895,34,4.3,2604.0,Sample review text for product 89 Sample review text for product 89 Sample review text for product 89 Sample review text for product 89 ,4.2,136
P0090,Dummy Product 90,HomeStorage&Organization,65941,16485,75,4.3,3560.0,Sample review text for product 90 Sample review text for product 90 Sample review text for product 90 Sample review text for product 90 Sample review text for product 90 Sample review text for product 90 ,4.18,204
P0091,Dummy Product 91,Other,59096,51413,13,2.9,1315.0,Sample review text for product 91 Sample review text for product 91 Sample review text for product 91 Sample review text for product 91 Sample review text for product 91 ,3.46,170
P0092,Dummy Product 92,"Headphones,Earbuds&Accessories",17484,10315,41,4.1,3343.0,Sample review text for product 92 Sample review text for product 92 Sample review text for product 92 Sample review text for product 92 Sample review text for product 92 Sample review text for product 92 ,4.08,204
P0093,Dummy Product 93,"HomeTheater,TV&Video",19074,14496,24,4.1,4054.0,Sample review text for product 93 Sample review text for product 93 Sample review text for product 93 Sample review text for product 93 Sample review text for product 93 Sample review text for product 93 ,4.07,204
P0094,Dummy Product 94,"HomeTheater,TV&Video",41657,39574,5,4.1,2202.0,Sample review text for product 94 Sample review text for product 94 Sample review text for product 94 Sample review text for product 94 ,4.06,136
P0095,Dummy Product 95,"HomeTheater,TV&Video",9946,7360,26,4.4,2598.0,Sample review text for product 95 Sample review text for product 95 Sample review text for product 95 Sample review text for product 95 Sample review text for product 95 ,4.23,170
P0096,Dummy Product 96,Accessories&Peripherals,19529,6835,65,4.4,1659.0,Sample review text for product 96 Sample review text for product 96 Sample review text for product 96 Sample review text for product 96 Sample review text for product 96 Sample review text for product 96 ,4.22,204
P0097,Dummy Product 97,Other,72395,35473,51,4.2,4228.0,Sample review text for product 97 Sample review text for product 97 Sample review text for product 97 Sample review text for product 97 Sample review text for product 97 ,4.16,170
P0098,Dummy Product 98,"Heating,Cooling&AirQuality",16978,11035,35,4.0,1835.0,Sample review text for product 98 Sample review text for product 98 Sample review text for product 98 Sample review text for product 98 ,4.01,136
P0099,Dummy Product 99,Mobiles&Accessories,13499,10529,22,4.0,2350.0,Sample review text for product 99 Sample review text for product 99 ,4.01,68
P0100,Dummy Product 100,Mobiles&Accessories,57442,23551,59,4.8,356.0,Sample review text for product 100 Sample review text for product 100 Sample review text for product 100 Sample review text for product 100 Sample review text for product 100 ,4.16,175
P0101,Dummy Product 101,Accessories&Peripherals,65810,60545,8,3.6,2827.0,Sample review text for product 101 Sample review text for product 101 Sample review text for product 101 Sample review text for product 101 Sample review text for product 101 Sample review text for product 101 ,3.74,210
P0102,Dummy Product 102,Accessories&Peripherals,19756,19756,0,3.1,567.0,Sample review text for product 102 Sample review text for product 102 Sample review text for product 102 Sample review text for product 102 Sample review text for product 102 Sample review text for product 102 Sample review text for product 102 ,3.77,245
P0103,Dummy Product 103,Kitchen&HomeAppliances,39724,29793,25,4.1,1574.0,Sample review text for product 103 Sample review text for product 103 ,4.06,70
P0104,Dummy Product 104,Kitchen&HomeAppliances,58261,48939,16,3.6,955.0,Sample review text for product 104 Sample review text for product 104 Sample review text for product 104 ,3.85,105
P0105,Dummy Product 105,Accessories&Peripherals,20456,13910,32,4.0,5158.0,,4.0,0
P0106,Dummy Product 106,Accessories&Peripherals,46663,24264,48,2.7,342.0,Sample review text for product 106 Sample review text for product 106 Sample review text for product 106 Sample review text for product 106 Sample review text for product 106 ,3.77,175
P0107,Dummy Product 107,Kitchen&HomeAppliances,42449,21224,50,4.1,1722.0,Sample review text for product 107 Sample review text for product 107 Sample review text for product 107 Sample review text for product 107 Sample review text for product 107 Sample review text for product 107 ,4.06,210
P0108,Dummy Product 108,"HomeTheater,TV&Video",18949,18949,0,3.8,194.0,Sample review text for product 108 ,4.0,35
P0109,Dummy Product 109,Accessories&Peripherals,55668,51771,7,3.2,800.0,Sample review text for product 109 Sample review text for product 109 Sample review text for product 109 ,3.73,105
P0110,Dummy Product 110,Accessories&Peripherals,26899,13718,49,3.9,833.0,Sample review text for product 110 Sample review text for product 110 Sample review text for product 110 ,3.97,105
P0111,Dummy Product 111,Accessories&Peripherals,56873,19336,66,2.7,1288.0,Sample review text for product 111 Sample review text for product 111 Sample review text for product 111 Sample review text for product 111 Sample review text for product 111 Sample review text for product 111 ,3.41,210
P0112,Dummy Product 112,ExternalDevices&DataStorage,55271,35373,36,4.8,14.0,,4.02,0
P0113,Dummy Product 113,Accessories&Peripherals,53894,44193,18,4.3,2748.0,Sample review text for product 113 ,4.2,35
P0114,Dummy Product 114,Accessories&Peripherals,77418,68902,11,3.5,805.0,Sample review text for product 114 Sample review text for product 114 Sample review text for product 114 Sample review text for product 114 Sample review text for product 114 Sample review text for product 114 ,3.84,210
P0115,Dummy Product 115,Accessories&Peripherals,18271,14068,23,4.8,14.0,Sample review text for product 115 ,4.02,35
P0116,Dummy Product 116,"Heating,Cooling&AirQuality",61274,17156,72,4.8,11.0,Sample review text for product 116 Sample review text for product 116 ,4.02,70
P0117,Dummy Product 117,Kitchen&HomeAppliances,56633,47005,17,3.9,2090.0,Sample review text for product 117 Sample review text for product 117 Sample review text for product 117 Sample review text for product 117 Sample review text for product 117 Sample review text for product 117 ,3.95,210
P0118,Dummy Product 118,"HomeTheater,TV&Video",78911,58394,26,4.3,646.0,Sample review text for product 118 Sample review text for product 118 ,4.08,70
P0119,Dummy Product 119,Accessories&Peripherals,59552,50023,16,3.8,702.0,Sample review text for product 119 Sample review text for product 119 ,3.95,70
P0120,Dummy Product 120,Accessories&Peripherals,12055,9041,25,4.8,11.0,Sample review text for product 120 Sample review text for product 120 Sample review text for product 120 Sample review text for product 120 ,4.02,140
P0121,Dummy Product 121,"HomeTheater,TV&Video",29269,13463,54,2.8,758.0,Sample review text for product 121 ,3.7,35
P0122,Dummy Product 122,Accessories&Peripherals,32487,12669,61,3.3,2027.0,Sample review text for product 122 Sample review text for product 122 ,3.6,70
P0123,Dummy Product 123,Kitchen&HomeAppliances,55412,22164,60,3.6,2090.0,Sample review text for product 123 Sample review text for product 123 Sample review text for product 123 ,3.77,105
P0124,Dummy Product 124,"Heating,Cooling&AirQuality",21081,18762,11,4.3,4115.0,Sample review text for product 124 ,4.23,35
P0125,Dummy Product 125,Kitchen&HomeAppliances,57634,51294,11,4.4,216.0,Sample review text for product 125 Sample review text for product 125 Sample review text for product 125 Sample review text for product 125 Sample review text for product 125 Sample review text for product 125 Sample review text for product 125 ,4.07,245
P0126,Dummy Product 126,"Heating,Cooling&AirQuality",58553,16980,71,4.2,6208.0,Sample review text for product 126 Sample review text for product 126 Sample review text for product 126 ,4.17,105
P0127,Dummy Product 127,Accessories&Peripherals,38141,32419,15,3.9,1818.0,Sample review text for product 127 Sample review text for product 127 ,3.95,70
P0128,Dummy Product 128,"Heating,Cooling&AirQuality",11622,6159,47,4.9,18.0,Sample review text for product 128 Sample review text for product 128 Sample review text for product 128 Sample review text for product 128 ,4.03,140
P0129,Dummy Product 129,Other,75410,58065,23,4.1,7331.0,Sample review text for product 129 Sample review text for product 129 Sample review text for product 129 ,4.09,105
P0130,Dummy Product 130,"Heating,Cooling&AirQuality",78687,48785,38,4.2,7640.0,Sample review text for product 130 Sample review text for product 130 Sample review text for product 130 Sample review text for product 130 Sample review text for product 130 Sample review text for product 130 ,4.17,210
P0131,Dummy Product 131,"Headphones,Earbuds&Accessories",79773,27920,65,5.0,10.0,Sample review text for product 131 Sample review text for product 131 Sample review text for product 131 ,4.03,105
P0132,Dummy Product 132,OfficePaperProducts,69846,43304,38,4.8,17.0,Sample review text for product 132 Sample review text for product 132 Sample review text for product 132 Sample review text for product 132 Sample review text for product 132 ,4.03,175
P0133,Dummy Product 133,Kitchen&HomeAppliances,11116,10115,9,4.9,7.0,Sample review text for product 133 ,4.02,35
P0134,Dummy Product 134,Kitchen&HomeAppliances,32913,10861,67,2.6,293.0,Sample review text for product 134 ,3.77,35
P0135,Dummy Product 135,Accessories&Peripherals,75191,66919,11,4.5,1829.0,Sample review text for product 135 Sample review text for product 135 Sample review text for product 135 ,4.28,105
P0136,Dummy Product 136,"Headphones,Earbuds&Accessories",30257,7261,76,2.7,2612.0,Sample review text for product 136 Sample review text for product 136 Sample review text for product 136 Sample review text for product 136 ,3.04,140
P0137,Dummy Product 137,Other,34657,9357,73,4.8,9.0,Sample review text for product 137 Sample review text for product 137 Sample review text for product 137 ,4.02,105
P0138,Dummy Product 138,Mobiles&Accessories,66762,34716,48,5.0,1044.0,Sample review text for product 138 Sample review text for product 138 Sample review text for product 138 Sample review text for product 138 Sample review text for product 138 ,4.41,175
P0139,Dummy Product 139,"HomeTheater,TV&Video",25078,17303,31,3.1,781.0,Sample review text for product 139 Sample review text for product 139 Sample review text for product 139 Sample review text for product 139 Sample review text for product 139 Sample review text for product 139 Sample review text for product 139 ,3.77,245
P0140,Dummy Product 140,Other,18174,8178,55,4.1,1987.0,Sample review text for product 140 Sample review text for product 140 Sample review text for product 140 ,4.07,105
P0141,Dummy Product 141,WearableTechnology,43020,41299,4,3.1,984.0,Sample review text for product 141 Sample review text for product 141 Sample review text for product 141 Sample review text for product 141 Sample review text for product 141 Sample review text for product 141 ,3.62,210
P0142,Dummy Product 142,"HomeTheater,TV&Video",10403,2496,76,4.6,973.0,Sample review text for product 142 Sample review text for product 142 Sample review text for product 142 Sample review text for product 142 Sample review text for product 142 ,4.2,175
P0143,Dummy Product 143,Other,2091,1275,39,3.2,1997.0,Sample review text for product 143 Sample review text for product 143 Sample review text for product 143 Sample review text for product 143 Sample review text for product 143 Sample review text for product 143 ,3.52,210
P0144,Dummy Product 144,Accessories&Peripherals,65582,34758,47,3.1,363.0,Sample review text for product 144 Sample review text for product 144 Sample review text for product 144 Sample review text for product 144 Sample review text for product 144 ,3.84,175
P0145,Dummy Product 145,"Heating,Cooling&AirQuality",23034,22112,4,3.7,826.0,Sample review text for product 145 Sample review text for product 145 Sample review text for product 145 Sample review text for product 145 Sample review text for product 145 Sample review text for product 145 Sample review text for product 145 ,3.89,245
P0146,Dummy Product 146,Kitchen&HomeAppliances,37009,22945,38,4.9,,Sample review text for product 146 Sample review text for product 146 Sample review text for product 146 Sample review text for product 146 Sample review text for product 146 ,4.02,175
P0147,Dummy Product 147,Kitchen&HomeAppliances,60961,45111,26,2.8,2065.0,Sample review text for product 147 Sample review text for product 147 ,3.29,70
P0148,Dummy Product 148,WearableTechnology,71481,50751,29,5.0,9.0,Sample review text for product 148 Sample review text for product 148 Sample review text for product 148 Sample review text for product 148 Sample review text for product 148 Sample review text for product 148 Sample review text for product 148 ,4.02,245
P0149,Dummy Product 149,"Heating,Cooling&AirQuality",14007,11345,19,4.9,1266.0,Sample review text for product 149 ,4.46,35
P0150,Dummy Product 150,"HomeTheater,TV&Video",21453,10941,49,4.9,687.0,Sample review text for product 150 Sample review text for product 150 Sample review text for product 150 Sample review text for product 150 ,4.23,140
P0151,Dummy Product 151,Kitchen&HomeAppliances,57872,52084,10,3.7,,Sample review text for product 151 Sample review text for product 151 Sample review text for product 151 ,4.02,105
P0152,Dummy Product 152,Accessories&Peripherals,13525,9738,28,4.6,2445.0,Sample review text for product 152 Sample review text for product 152 Sample review text for product 152 Sample review text for product 152 Sample review text for product 152 Sample review text for product 152 Sample review text for product 152 ,4.38,245
P0153,Dummy Product 153,Accessories&Peripherals,61045,32964,46,4.7,1563.0,Sample review text for product 153 Sample review text for product 153 Sample review text for product 153 Sample review text for product 153 Sample review text for product 153 Sample review text for product 153 ,4.37,210
P0154,Dummy Product 154,OfficePaperProducts,29102,27646,5,3.3,1411.0,Sample review text for product 154 Sample review text for product 154 ,3.66,70
P0155,Dummy Product 155,Accessories&Peripherals,26931,20467,24,4.7,1810.0,Sample review text for product 155 Sample review text for product 155 Sample review text for product 155 ,4.39,105
P0156,Dummy Product 156,"Headphones,Earbuds&Accessories",69416,64556,7,3.8,1710.0,Sample review text for product 156 Sample review text for product 156 Sample review text for product 156 Sample review text for product 156 Sample review text for product 156 Sample review text for product 156 Sample review text for product 156 ,3.87,245
P0157,Dummy Product 157,Accessories&Peripherals,45359,44451,2,4.8,15.0,Sample review text for product 157 Sample review text for product 157 Sample review text for product 157 Sample review text for product 157 Sample review text for product 157 Sample review text for product 157 ,4.02,210
P0158,Dummy Product 158,Accessories&Peripherals,9212,5803,37,4.2,7869.0,Sample review text for product 158 Sample review text for product 158 Sample review text for product 158 Sample review text for product 158 Sample review text for product 158 ,4.17,175
P0159,Dummy Product 159,Cameras&Photography,60612,17577,71,3.5,2014.0,Sample review text for product 159 Sample review text for product 159 Sample review text for product 159 Sample review text for product 159 Sample review text for product 159 Sample review text for product 159 ,3.75,210
P0160,Dummy Product 160,Mobiles&Accessories,42188,28687,32,4.3,1416.0,Sample review text for product 160 Sample review text for product 160 Sample review text for product 160 ,4.15,105
P0161,Dummy Product 161,Cameras&Photography,39059,8592,78,3.0,,Sample review text for product 161 ,4.02,35
P0162,Dummy Product 162,Kitchen&HomeAppliances,49653,33764,32,2.6,1950.0,Sample review text for product 162 Sample review text for product 162 Sample review text for product 162 Sample review text for product 162 ,3.19,140
P0163,Dummy Product 163,HomeAudio,51361,44170,14,4.2,1886.0,Sample review text for product 163 Sample review text for product 163 Sample review text for product 163 ,4.11,105
P0164,Dummy Product 164,Mobiles&Accessories,26515,15909,40,4.9,1288.0,Sample review text for product 164 Sample review text for product 164 Sample review text for product 164 Sample review text for product 164 ,4.42,140
P0165,Dummy Product 165,WearableTechnology,27130,7053,74,4.0,900.0,Sample review text for product 165 Sample review text for product 165 Sample review text for product 165 Sample review text for product 165 Sample review text for product 165 Sample review text for product 165 ,4.01,210
P0166,Dummy Product 166,"HomeTheater,TV&Video",37377,9718,74,4.1,2135.0,Sample review text for product 166 ,4.06,35
P0167,Dummy Product 167,HomeAudio,53079,29724,44,4.7,19.0,Sample review text for product 167 Sample review text for product 167 Sample review text for product 167 Sample review text for product 167 Sample review text for product 167 Sample review text for product 167 ,4.02,210
P0168,Dummy Product 168,HomeStorage&Organization,3420,1436,58,3.5,1738.0,Sample review text for product 168 Sample review text for product 168 Sample review text for product 168 Sample review text for product 168 Sample review text for product 168 ,3.81,175
P0169,Dummy Product 169,Accessories&Peripherals,30527,15874,48,3.5,159.0,Sample review text for product 169 Sample review text for product 169 Sample review text for product 169 Sample review text for product 169 ,3.97,140
P0170,Dummy Product 170,"Heating,Cooling&AirQuality",39563,20177,49,4.0,608.0,Sample review text for product 170 Sample review text for product 170 ,4.01,70
P0171,Dummy Product 171,"Headphones,Earbuds&Accessories",26517,17236,35,4.0,755.0,Sample review text for product 171 Sample review text for product 171 Sample review text for product 171 Sample review text for product 171 Sample review text for product 171 Sample review text for product 171 ,4.01,210
P0172,Dummy Product 172,Kitchen&HomeAppliances,57556,43167,25,4.0,2800.0,Sample review text for product 172 Sample review text for product 172 ,4.01,70
P0173,Dummy Product 173,Accessories&Peripherals,64824,40839,37,2.7,2366.0,Sample review text for product 173 Sample review text for product 173 Sample review text for product 173 Sample review text for product 173 Sample review text for product 173 ,3.21,175
P0174,Dummy Product 174,Kitchen&HomeAppliances,69850,21653,69,3.5,2041.0,Sample review text for product 174 Sample review text for product 174 Sample review text for product 174 ,3.71,105
P0175,Dummy Product 175,WearableTechnology,61867,40213,35,3.1,2335.0,Sample review text for product 175 Sample review text for product 175 Sample review text for product 175 ,3.43,105
P0176,Dummy Product 176,Kitchen&HomeAppliances,77119,77119,0,4.0,1800.0,Sample review text for product 176 ,4.01,35
P0177,Dummy Product 177,Kitchen&HomeAppliances,36446,23325,36,4.3,3212.0,Sample review text for product 177 Sample review text for product 177 Sample review text for product 177 Sample review text for product 177 ,4.21,140
P0178,Dummy Product 178,"HomeTheater,TV&Video",50608,40992,19,4.2,1968.0,Sample review text for product 178 Sample review text for product 178 Sample review text for product 178 Sample review text for product 178 ,4.1,140
P0179,Dummy Product 179,Accessories&Peripherals,76760,32239,58,4.2,2008.0,Sample review text for product 179 Sample review text for product 179 Sample review text for product 179 Sample review text for product 179 ,4.12,140
P0180,Dummy Product 180,ExternalDevices&DataStorage,66161,33742,49,3.1,1247.0,Sample review text for product 180 Sample review text for product 180 Sample review text for product 180 ,3.66,105
P0181,Dummy Product 181,Accessories&Peripherals,23411,13110,44,4.8,18.0,Sample review text for product 181 Sample review text for product 181 Sample review text for product 181 Sample review text for product 181 Sample review text for product 181 Sample review text for product 181 Sample review text for product 181 ,4.03,245
P0182,Dummy Product 182,"Heating,Cooling&AirQuality",23696,22748,4,4.2,1199.0,Sample review text for product 182 Sample review text for product 182 Sample review text for product 182 Sample review text for product 182 Sample review text for product 182 Sample review text for product 182 Sample review text for product 182 ,4.11,245
P0183,Dummy Product 183,Accessories&Peripherals,29125,24465,16,3.9,303.0,Sample review text for product 183 Sample review text for product 183 Sample review text for product 183 Sample review text for product 183 ,4.0,140
P0184,Dummy Product 184,NetworkingDevices,32390,22673,30,4.1,1328.0,Sample review text for product 184 Sample review text for product 184 ,4.06,70
P0185,Dummy Product 185,Mobiles&Accessories,6204,4218,32,4.4,688.0,Sample review text for product 185 Sample review text for product 185 Sample review text for product 185 Sample review text for product 185 Sample review text for product 185 ,4.13,175
P0186,Dummy Product 186,"Headphones,Earbuds&Accessories",29665,28775,3,4.5,2445.0,Sample review text for product 186 Sample review text for product 186 Sample review text for product 186 ,4.37,105
P0187,Dummy Product 187,Kitchen&HomeAppliances,52424,45084,14,3.9,711.0,Sample review text for product 187 Sample review text for product 187 Sample review text for product 187 ,3.98,105
P0188,Dummy Product 188,Accessories&Peripherals,22943,20648,10,4.4,2890.0,Sample review text for product 188 ,4.27,35
P0189,Dummy Product 189,"HomeTheater,TV&Video",31848,23886,25,4.8,5.0,Sample review text for product 189 Sample review text for product 189 Sample review text for product 189 Sample review text for product 189 Sample review text for product 189 ,4.02,175
P0190,Dummy Product 190,Kitchen&HomeAppliances,27466,8514,69,4.9,2412.0,Sample review text for product 190 Sample review text for product 190 Sample review text for product 190 Sample review text for product 190 Sample review text for product 190 ,4.57,175
P0191,Dummy Product 191,"Headphones,Earbuds&Accessories",39810,30255,24,2.7,51.0,Sample review text for product 191 Sample review text for product 191 Sample review text for product 191 Sample review text for product 191 Sample review text for product 191 ,3.95,175
P0192,Dummy Product 192,Accessories&Peripherals,50615,24801,51,4.5,1693.0,Sample review text for product 192 Sample review text for product 192 Sample review text for product 192 ,4.27,105
P0193,Dummy Product 193,"Heating,Cooling&AirQuality",12789,6650,48,2.8,2138.0,Sample review text for product 193 Sample review text for product 193 Sample review text for product 193 ,3.25,105
P0194,Dummy Product 194,WearableTechnology,64146,19243,70,4.0,1444.0,Sample review text for product 194 Sample review text for product 194 Sample review text for product 194 Sample review text for product 194 ,4.01,140
P0195,Dummy Product 195,WearableTechnology,22175,12418,44,2.5,2939.0,Sample review text for product 195 Sample review text for product 195 Sample review text for product 195 Sample review text for product 195 Sample review text for product 195 Sample review text for product 195 ,2.97,210
P0196,Dummy Product 196,Accessories&Peripherals,37884,32580,14,3.4,2426.0,Sample review text for product 196 Sample review text for product 196 ,3.64,70
P0197,Dummy Product 197,Accessories&Peripherals,34584,11412,67,4.3,7674.0,Sample review text for product 197 Sample review text for product 197 Sample review text for product 197 Sample review text for product 197 Sample review text for product 197 Sample review text for product 197 Sample review text for product 197 ,4.25,245
P0198,Dummy Product 198,Mobiles&Accessories,69076,31774,54,3.1,2735.0,Sample review text for product 198 Sample review text for product 198 Sample review text for product 198 Sample review text for product 198 ,3.43,140
P0199,Dummy Product 199,Accessories&Peripherals,77731,49747,36,3.0,988.0,Sample review text for product 199 Sample review text for product 199 Sample review text for product 199 ,3.61,105
P0200,Dummy Product 200,Mobiles&Accessories,7921,6019,24,4.0,1827.0,Sample review text for product 200 Sample review text for product 200 ,4.01,70
P0201,Dummy Product 201,"Heating,Cooling&AirQuality",56254,43315,23,4.9,19.0,Sample review text for product 201 Sample review text for product 201 Sample review text for product 201 Sample review text for product 201 Sample review text for product 201 Sample review text for product 201 ,4.03,210
P0202,Dummy Product 202,Accessories&Peripherals,73879,72401,2,3.1,1377.0,Sample review text for product 202 ,3.58,35
P0203,Dummy Product 203,Other,71087,68243,4,5.0,8.0,Sample review text for product 203 Sample review text for product 203 ,4.02,70
P0204,Dummy Product 204,Kitchen&HomeAppliances,74569,23116,69,4.9,12.0,Sample review text for product 204 ,4.02,35
P0205,Dummy Product 205,Kitchen&HomeAppliances,1161,661,43,4.8,5.0,Sample review text for product 205 Sample review text for product 205 Sample review text for product 205 Sample review text for product 205 Sample review text for product 205 Sample review text for product 205 Sample review text for product 205 ,4.02,245
P0206,Dummy Product 206,Kitchen&HomeAppliances,69119,58059,16,4.3,4719.0,Sample review text for product 206 Sample review text for product 206 Sample review text for product 206 Sample review text for product 206 Sample review text for product 206 Sample review text for product 206 ,4.23,210
P0207,Dummy Product 207,Accessories&Peripherals,63211,22755,64,2.7,149.0,Sample review text for product 207 Sample review text for product 207 Sample review text for product 207 Sample review text for product 207 Sample review text for product 207 Sample review text for product 207 ,3.9,210
P0208,Dummy Product 208,Accessories&Peripherals,77059,19264,75,2.7,2786.0,Sample review text for product 208 Sample review text for product 208 Sample review text for product 208 Sample review text for product 208 ,3.16,140
P0209,Dummy Product 209,Kitchen&HomeAppliances,36085,10103,72,3.5,835.0,Sample review text for product 209 Sample review text for product 209 Sample review text for product 209 Sample review text for product 209 Sample review text for product 209 Sample review text for product 209 Sample review text for product 209 ,3.82,245
P0210,Dummy Product 210,Accessories&Peripherals,65950,56717,14,3.0,244.0,Sample review text for product 210 Sample review text for product 210 Sample review text for product 210 Sample review text for product 210 Sample review text for product 210 Sample review text for product 210 Sample review text for product 210 ,3.87,245
P0211,Dummy Product 211,Mobiles&Accessories,77457,54994,29,4.5,948.0,Sample review text for product 211 Sample review text for product 211 Sample review text for product 211 Sample review text for product 211 Sample review text for product 211 Sample review text for product 211 Sample review text for product 211 ,4.2,245
P0212,Dummy Product 212,"Heating,Cooling&AirQuality",73409,59461,19,4.6,266.0,Sample review text for product 212 ,4.12,35
P0213,Dummy Product 213,Mobiles&Accessories,32052,6730,79,3.3,2429.0,Sample review text for product 213 Sample review text for product 213 Sample review text for product 213 ,3.58,105
P0214,Dummy Product 214,Kitchen&HomeAppliances,17847,13563,24,4.3,7075.0,Sample review text for product 214 Sample review text for product 214 Sample review text for product 214 Sample review text for product 214 ,4.25,140
P0215,Dummy Product 215,Kitchen&HomeAppliances,55599,21127,62,2.5,1885.0,Sample review text for product 215 Sample review text for product 215 ,3.15,70
P0216,Dummy Product 216,Accessories&Peripherals,43413,39505,9,4.4,7525.0,Sample review text for product 216 Sample review text for product 216 Sample review text for product 216 Sample review text for product 216 Sample review text for product 216 ,4.34,175
P0217,Dummy Product 217,Kitchen&HomeAppliances,45436,36348,20,4.7,14.0,Sample review text for product 217 Sample review text for product 217 Sample review text for product 217 Sample review text for product 217 ,4.02,140
P0218,Dummy Product 218,Accessories&Peripherals,43608,21367,51,4.9,4.0,Sample review text for product 218 Sample review text for product 218 Sample review text for product 218 Sample review text for product 218 Sample review text for product 218 Sample review text for product 218 Sample review text for product 218 ,4.02,245
P0219,Dummy Product 219,Kitchen&HomeAppliances,51696,48594,6,2.9,,Sample review text for product 219 Sample review text for product 219 Sample review text for product 219 Sample review text for product 219 Sample review text for product 219 ,4.02,175
P0220,Dummy Product 220,Kitchen&HomeAppliances,7048,1550,78,3.8,1912.0,Sample review text for product 220 ,3.89,35
P0221,Dummy Product 221,Mobiles&Accessories,16552,9269,44,4.7,17.0,Sample review text for product 221 Sample review text for product 221 Sample review text for product 221 Sample review text for product 221 ,4.02,140
P0222,Dummy Product 222,Kitchen&HomeAppliances,29800,22350,25,4.8,2.0,Sample review text for product 222 Sample review text for product 222 Sample review text for product 222 Sample review text for product 222 ,4.02,140
P0223,Dummy Product 223,Mobiles&Accessories,31120,19605,37,4.3,7697.0,Sample review text for product 223 ,4.25,35
P0224,Dummy Product 224,OfficePaperProducts,65141,26707,59,5.0,1.0,Sample review text for product 224 Sample review text for product 224 ,4.02,70
P0225,Dummy Product 225,Other,29102,8439,71,4.2,4926.0,Sample review text for product 225 Sample review text for product 225 Sample review text for product 225 ,4.16,105
P0226,Dummy Product 226,Kitchen&HomeAppliances,42491,10197,76,4.9,,Sample review text for product 226 Sample review text for product 226 Sample review text for product 226 ,4.02,105
P0227,Dummy Product 227,ExternalDevices&DataStorage,45357,31749,30,4.4,2674.0,Sample review text for product 227 Sample review text for product 227 Sample review text for product 227 ,4.24,105
P0228,Dummy Product 228,Accessories&Peripherals,30456,29237,4,3.2,2568.0,Sample review text for product 228 Sample review text for product 228 Sample review text for product 228 Sample review text for product 228 Sample review text for product 228 Sample review text for product 228 ,3.5,210
P0229,Dummy Product 229,"Headphones,Earbuds&Accessories",61563,46787,24,3.0,2511.0,Sample review text for product 229 ,3.27,35
P0230,Dummy Product 230,Accessories&Peripherals,78540,30630,61,4.5,1802.0,Sample review text for product 230 Sample review text for product 230 Sample review text for product 230 Sample review text for product 230 ,4.28,140
P0231,Dummy Product 231,"HomeTheater,TV&Video",39571,33635,15,2.9,2940.0,Sample review text for product 231 Sample review text for product 231 ,3.37,70
P0232,Dummy Product 232,Accessories&Peripherals,22668,9520,58,3.2,2838.0,Sample review text for product 232 Sample review text for product 232 Sample review text for product 232 Sample review text for product 232 ,3.48,140
P0233,Dummy Product 233,"Headphones,Earbuds&Accessories",61832,42664,31,4.3,1038.0,Sample review text for product 233 ,4.17,35
P0234,Dummy Product 234,Accessories&Peripherals,16497,15342,7,4.4,2286.0,Sample review text for product 234 Sample review text for product 234 Sample review text for product 234 Sample review text for product 234 ,4.25,140
P0235,Dummy Product 235,"Heating,Cooling&AirQuality",59212,46777,21,2.8,770.0,Sample review text for product 235 Sample review text for product 235 Sample review text for product 235 Sample review text for product 235 Sample review text for product 235 Sample review text for product 235 Sample review text for product 235 ,3.56,245
P0236,Dummy Product 236,"HomeTheater,TV&Video",46986,26782,43,4.0,2469.0,Sample review text for product 236 Sample review text for product 236 Sample review text for product 236 ,4.01,105
P0237,Dummy Product 237,Mobiles&Accessories,6426,4883,24,2.9,1135.0,,3.55,0
P0238,Dummy Product 238,"Heating,Cooling&AirQuality",39287,14536,63,3.9,2521.0,Sample review text for product 238 Sample review text for product 238 Sample review text for product 238 Sample review text for product 238 Sample review text for product 238 Sample review text for product 238 ,3.94,210
P0239,Dummy Product 239,Kitchen&HomeAppliances,38400,35328,8,4.6,2646.0,Sample review text for product 239 Sample review text for product 239 ,4.4,70
P0240,Dummy Product 240,Accessories&Peripherals,20373,9779,52,4.3,3634.0,Sample review text for product 240 Sample review text for product 240 Sample review text for product 240 Sample review text for product 240 Sample review text for product 240 Sample review text for product 240 Sample review text for product 240 ,4.22,245
P0241,Dummy Product 241,HomeStorage&Organization,10096,9793,3,3.0,2584.0,Sample review text for product 241 Sample review text for product 241 ,3.52,70
P0242,Dummy Product 242,"Heating,Cooling&AirQuality",60296,16279,73,3.0,1796.0,Sample review text for product 242 Sample review text for product 242 Sample review text for product 242 Sample review text for product 242 Sample review text for product 242 ,3.42,175
P0243,Dummy Product 243,"HomeTheater,TV&Video",69622,14620,79,4.2,7643.0,Sample review text for product 243 Sample review text for product 243 Sample review text for product 243 Sample review text for product 243 Sample review text for product 243 Sample review text for product 243 ,4.16,210
P0244,Dummy Product 244,Mobiles&Accessories,61103,25052,59,3.9,4390.0,Sample review text for product 244 Sample review text for product 244 Sample review text for product 244 Sample review text for product 244 Sample review text for product 244 Sample review text for product 244 ,3.93,210
P0245,Dummy Product 245,Cameras&Photography,13928,9749,30,3.6,2067.0,Sample review text for product 245 Sample review text for product 245 Sample review text for product 245 Sample review text for product 245 ,3.8,140
P0246,Dummy Product 246,Accessories&Peripherals,2151,1161,46,3.2,1020.0,Sample review text for product 246 ,3.69,35
P0247,Dummy Product 247,WearableTechnology,30754,7073,77,4.9,2185.0,Sample review text for product 247 Sample review text for product 247 Sample review text for product 247 Sample review text for product 247 Sample review text for product 247 ,4.57,175
P0248,Dummy Product 248,Kitchen&HomeAppliances,54720,16963,69,4.5,1901.0,Sample review text for product 248 Sample review text for product 248 Sample review text for product 248 ,4.29,105
P0249,Dummy Product 249,"Headphones,Earbuds&Accessories",63312,23425,63,4.8,17.0,Sample review text for product 249 Sample review text for product 249 Sample review text for product 249 Sample review text for product 249 Sample review text for product 249 ,4.03,175
P0250,Dummy Product 250,Accessories&Peripherals,57114,37695,34,4.4,2660.0,Sample review text for product 250 Sample review text for product 250 Sample review text for product 250 Sample review text for product 250 Sample review text for product 250 Sample review text for product 250 ,4.26,210
P0251,Dummy Product 251,Kitchen&HomeAppliances,67655,52094,23,2.7,2773.0,Sample review text for product 251 Sample review text for product 251 Sample review text for product 251 Sample review text for product 251 ,3.14,140
P0252,Dummy Product 252,Kitchen&HomeAppliances,35242,30660,13,4.3,4471.0,Sample review text for product 252 Sample review text for product 252 ,4.23,70
P0253,Dummy Product 253,Accessories&Peripherals,5847,2631,55,5.0,18.0,Sample review text for product 253 ,4.03,35
P0254,Dummy Product 254,WearableTechnology,14789,10204,31,2.8,1172.0,Sample review text for product 254 Sample review text for product 254 Sample review text for product 254 Sample review text for product 254 Sample review text for product 254 Sample review text for product 254 Sample review text for product 254 ,3.44,245
P0255,Dummy Product 255,WearableTechnology,23169,10194,56,3.1,2069.0,Sample review text for product 255 Sample review text for product 255 Sample review text for product 255 ,3.45,105
P0256,Dummy Product 256,Kitchen&HomeAppliances,58214,51810,11,3.9,1424.0,Sample review text for product 256 Sample review text for product 256 Sample review text for product 256 Sample review text for product 256 Sample review text for product 256 ,3.96,175
P0257,Dummy Product 257,Other,19946,13563,32,4.7,573.0,Sample review text for product 257 Sample review text for product 257 ,4.22,70
P0258,Dummy Product 258,"HomeTheater,TV&Video",67669,20977,69,4.1,3657.0,Sample review text for product 258 Sample review text for product 258 Sample review text for product 258 Sample review text for product 258 Sample review text for product 258 ,4.07,175
P0259,Dummy Product 259,Accessories&Peripherals,66133,56213,15,4.4,637.0,Sample review text for product 259 Sample review text for product 259 Sample review text for product 259 Sample review text for product 259 ,4.13,140
P0260,Dummy Product 260,WearableTechnology,49277,18232,63,3.0,2609.0,Sample review text for product 260 Sample review text for product 260 Sample review text for product 260 Sample review text for product 260 Sample review text for product 260 Sample review text for product 260 Sample review text for product 260 ,3.34,245
P0261,Dummy Product 261,"Heating,Cooling&AirQuality",79207,68118,14,4.2,7356.0,Sample review text for product 261 Sample review text for product 261 Sample review text for product 261 Sample review text for product 261 ,4.17,140
P0262,Dummy Product 262,Kitchen&HomeAppliances,18989,13861,27,3.9,447.0,Sample review text for product 262 Sample review text for product 262 Sample review text for product 262 Sample review text for product 262 Sample review text for product 262 Sample review text for product 262 ,3.99,210
P0263,Dummy Product 263,Kitchen&HomeAppliances,19158,18200,5,4.3,2814.0,Sample review text for product 263 Sample review text for product 263 ,4.21,70
P0264,Dummy Product 264,Accessories&Peripherals,72447,19560,73,4.9,9.0,Sample review text for product 264 Sample review text for product 264 Sample review text for product 264 Sample review text for product 264 Sample review text for product 264 ,4.02,175
P0265,Dummy Product 265,Accessories&Peripherals,68321,40309,41,3.3,2434.0,Sample review text for product 265 Sample review text for product 265 Sample review text for product 265 ,3.57,105
P0266,Dummy Product 266,Accessories&Peripherals,7129,4847,32,3.0,1015.0,Sample review text for product 266 Sample review text for product 266 Sample review text for product 266 Sample review text for product 266 Sample review text for product 266 ,3.61,175
P0267,Dummy Product 267,Kitchen&HomeAppliances,40401,12524,69,4.7,1811.0,Sample review text for product 267 Sample review text for product 267 Sample review text for product 267 Sample review text for product 267 ,4.4,140
P0268,Dummy Product 268,Cameras&Photography,32352,25881,20,5.0,1284.0,Sample review text for product 268 Sample review text for product 268 ,4.42,70
P0269,Dummy Product 269,Accessories&Peripherals,10252,10046,2,4.7,1940.0,Sample review text for product 269 Sample review text for product 269 Sample review text for product 269 Sample review text for product 269 Sample review text for product 269 Sample review text for product 269 ,4.4,210
P0270,Dummy Product 270,Kitchen&HomeAppliances,49916,25457,49,5.0,12.0,Sample review text for product 270 Sample review text for product 270 ,4.02,70
P0271,Dummy Product 271,Kitchen&HomeAppliances,46805,45868,2,2.9,1822.0,Sample review text for product 271 Sample review text for product 271 Sample review text for product 271 Sample review text for product 271 Sample review text for product 271 ,3.39,175
P0272,Dummy Product 272,"Heating,Cooling&AirQuality",59542,29175,51,3.6,2355.0,Sample review text for product 272 Sample review text for product 272 ,3.75,70
P0273,Dummy Product 273,"HomeTheater,TV&Video",6916,2213,68,4.9,2910.0,Sample review text for product 273 Sample review text for product 273 Sample review text for product 273 ,4.53,105
P0274,Dummy Product 274,Accessories&Peripherals,37846,23086,39,4.8,15.0,Sample review text for product 274 ,4.02,35
P0275,Dummy Product 275,Accessories&Peripherals,75830,73555,3,3.3,1839.0,Sample review text for product 275 Sample review text for product 275 Sample review text for product 275 Sample review text for product 275 Sample review text for product 275 Sample review text for product 275 Sample review text for product 275 ,3.62,245
P0276,Dummy Product 276,Kitchen&HomeAppliances,8679,7550,13,4.5,551.0,Sample review text for product 276 Sample review text for product 276 Sample review text for product 276 Sample review text for product 276 ,4.15,140
P0277,Dummy Product 277,"Headphones,Earbuds&Accessories",73454,57294,22,4.8,2.0,Sample review text for product 277 Sample review text for product 277 Sample review text for product 277 Sample review text for product 277 Sample review text for product 277 Sample review text for product 277 ,4.02,210
P0278,Dummy Product 278,Accessories&Peripherals,47238,33538,29,3.6,1531.0,Sample review text for product 278 ,3.81,35
P0279,Dummy Product 279,ExternalDevices&DataStorage,54409,28836,47,4.6,,Sample review text for product 279 Sample review text for product 279 Sample review text for product 279 ,4.02,105
P0280,Dummy Product 280,ExternalDevices&DataStorage,73266,20514,72,4.2,6494.0,Sample review text for product 280 Sample review text for product 280 Sample review text for product 280 ,4.16,105
P0281,Dummy Product 281,"Heating,Cooling&AirQuality",52375,31948,39,3.9,1264.0,Sample review text for product 281 Sample review text for product 281 Sample review text for product 281 Sample review text for product 281 ,3.96,140
P0282,Dummy Product 282,Kitchen&HomeAppliances,71863,23714,67,4.2,2562.0,Sample review text for product 282 Sample review text for product 282 Sample review text for product 282 Sample review text for product 282 Sample review text for product 282 Sample review text for product 282 ,4.13,210
P0283,Dummy Product 283,Mobiles&Accessories,24067,9386,61,3.6,1694.0,Sample review text for product 283 Sample review text for product 283 Sample review text for product 283 ,3.8,105
P0284,Dummy Product 284,"HomeTheater,TV&Video",51000,27030,47,3.7,1987.0,Sample review text for product 284 Sample review text for product 284 Sample review text for product 284 Sample review text for product 284 Sample review text for product 284 ,3.86,175
P0285,Dummy Product 285,Mobiles&Accessories,9668,3480,64,4.7,15.0,Sample review text for product 285 Sample review text for product 285 Sample review text for product 285 Sample review text for product 285 Sample review text for product 285 Sample review text for product 285 ,4.02,210
P0286,Dummy Product 286,Mobiles&Accessories,27149,13303,51,4.9,2280.0,Sample review text for product 286 Sample review text for product 286 Sample review text for product 286 Sample review text for product 286 Sample review text for product 286 Sample review text for product 286 ,4.54,210
P0287,Dummy Product 287,Accessories&Peripherals,18362,13404,27,4.1,7219.0,Sample review text for product 287 Sample review text for product 287 Sample review text for product 287 Sample review text for product 287 Sample review text for product 287 Sample review text for product 287 ,4.09,210
P0288,Dummy Product 288,"HomeTheater,TV&Video",63324,63324,0,3.9,5005.0,,3.93,0
P0289,Dummy Product 289,Mobiles&Accessories,4878,4536,7,4.4,5457.0,Sample review text for product 289 Sample review text for product 289 Sample review text for product 289 Sample review text for product 289 Sample review text for product 289 ,4.31,175
P0290,Dummy Product 290,Kitchen&HomeAppliances,56544,25444,55,2.5,701.0,Sample review text for product 290 Sample review text for product 290 Sample review text for product 290 Sample review text for product 290 Sample review text for product 290 Sample review text for product 290 ,3.51,210
P0291,Dummy Product 291,Other,17224,8956,48,4.0,7761.0,Sample review text for product 291 Sample review text for product 291 Sample review text for product 291 Sample review text for product 291 Sample review text for product 291 Sample review text for product 291 ,4.0,210
P0292,Dummy Product 292,Kitchen&HomeAppliances,34123,27298,20,4.3,1182.0,Sample review text for product 292 Sample review text for product 292 Sample review text for product 292 Sample review text for product 292 Sample review text for product 292 ,4.15,175
P0293,Dummy Product 293,Kitchen&HomeAppliances,60018,33009,45,4.8,8.0,Sample review text for product 293 Sample review text for product 293 Sample review text for product 293 Sample review text for product 293 ,4.02,140
P0294,Dummy Product 294,Accessories&Peripherals,72624,49384,32,4.9,2151.0,,4.54,0
P0295,Dummy Product 295,Accessories&Peripherals,36320,19612,46,5.0,15.0,Sample review text for product 295 Sample review text for product 295 ,4.03,70
P0296,Dummy Product 296,Kitchen&HomeAppliances,17477,14331,18,4.4,936.0,Sample review text for product 296 ,4.17,35
P0297,Dummy Product 297,"Heating,Cooling&AirQuality",71925,27331,62,3.4,202.0,Sample review text for product 297 Sample review text for product 297 Sample review text for product 297 ,3.93,105
P0298,Dummy Product 298,Accessories&Peripherals,64700,40114,38,2.8,2502.0,Sample review text for product 298 Sample review text for product 298 ,3.26,70
P0299,Dummy Product 299,HomeStorage&Organization,23285,13971,40,3.6,2467.0,Sample review text for product 299 Sample review text for product 299 Sample review text for product 299 Sample review text for product 299 Sample review text for product 299 Sample review text for product 299 Sample review text for product 299 ,3.82,245
